{"betx": 38.86661003148735, "bety": 63.492143090085214, "dx": -0.20341129654358106}