{"betx": 80.60307779291641, "bety": 61.228316124472876, "dx": -0.1777227398675932}