{"betx": 80.39583232221057, "bety": 61.27022426167166, "dx": -0.12769409821738095}