{"betx": 77.79285371160151, "bety": 29.965804411309563, "dx": -0.1308453200696227}